Ref,Val,Package,PosX,PosY,Rot,Side
"C23","4.7nF","C_0805",149.700000,-88.550000,90.000000,bottom
"C24","100nF","C_0805",156.600000,-88.550000,90.000000,bottom
"J1","Connector, USB-TYPE-C-16P","TYPE-C-SMD_HX-TYPE-C-16PIN",153.150000,-139.100000,180.000000,bottom
"U6","A1304ELHLX-T","SOT-23-3_L3.0-W1.9-P0.95-LS2.9-BL",153.150000,-88.400000,180.000000,bottom
